species,taxo_group,matrix
Amegilla albigena,bees,common
Amegilla quadrifasciata,bees,common
Andrena agilissima,bees,common
Andrena alfkenella,bees,common
Andrena angustior,bees,common
Andrena apicata,bees,common
Andrena argentata,bees,common
Andrena barbilabris,bees,common
Andrena bicolor,bees,common
Andrena bimaculata,bees,common
Andrena bucephala,bees,common
Andrena chrysosceles,bees,common
Andrena cineraria,bees,common
Andrena clarkella,bees,common
Andrena coitana,bees,common
Andrena combinata,bees,common
Andrena denticulata,bees,common
Andrena dorsata,bees,common
Andrena falsifica,bees,common
Andrena flavipes,bees,common
Andrena florea,bees,common
Andrena fucata,bees,common
Andrena fulva,bees,common
Andrena fulvago,bees,common
Andrena fulvata,bees,common
Andrena fulvida,bees,common
Andrena fuscipes,bees,common
Andrena gravida,bees,common
Andrena haemorrhoa,bees,common
Andrena hattorfiana,bees,common
Andrena helvola,bees,common
Andrena humilis,bees,common
Andrena intermedia,bees,common
Andrena labialis,bees,common
Andrena labiata,bees,common
Andrena lapponica,bees,common
Andrena lathyri,bees,common
Andrena marginata,bees,common
Andrena minutula,bees,common
Andrena minutuloides,bees,common
Andrena nigriceps,bees,common
Andrena nigroaenea,bees,common
Andrena nigrospina,bees,common
Andrena nitida,bees,common
Andrena pilipes,bees,common
Andrena praecox,bees,common
Andrena propinqua,bees,common
Andrena proxima,bees,common
Andrena rosae,bees,common
Andrena ruficrus,bees,common
Andrena russula,bees,common
Andrena scotica,bees,common
Andrena semilaevis,bees,common
Andrena strohmella,bees,common
Andrena subopaca,bees,common
Andrena synadelpha,bees,common
Andrena tarsata,bees,common
Andrena thoracica,bees,common
Andrena tibialis,bees,common
Andrena trimmerana,bees,common
Andrena vaga,bees,common
Andrena varians,bees,common
Andrena ventralis,bees,common
Andrena wilkella,bees,common
Anthidiellum strigatum,bees,common
Anthidium florentinum,bees,common
Anthidium manicatum,bees,common
Anthidium oblongatum,bees,common
Anthidium punctatum,bees,common
Anthophora aestivalis,bees,common
Anthophora bimaculata,bees,common
Anthophora crinipes,bees,common
Anthophora furcata,bees,common
Anthophora plagiata,bees,common
Anthophora plumipes,bees,common
Anthophora quadrimaculata,bees,common
Anthophora retusa,bees,common
Bombus alpinus,bees,common
Bombus balteatus,bees,common
Bombus barbutellus,bees,common
Bombus bohemicus,bees,common
Bombus campestris,bees,common
Bombus cingulatus,bees,common
Bombus consobrinus,bees,common
Bombus cryptarum,bees,common
Bombus distinguendus,bees,common
Bombus flavidus,bees,common
Bombus hortorum,bees,common
Bombus humilis,bees,common
Bombus hypnorum,bees,common
Bombus jonellus,bees,common
Bombus lapidarius,bees,common
Bombus lapponicus,bees,common
Bombus lucorum,bees,common
Bombus magnus,bees,common
Bombus mendax,bees,common
Bombus mesomelas,bees,common
Bombus monticola,bees,common
Bombus muscorum,bees,common
Bombus norvegicus,bees,common
Bombus pascuorum,bees,common
Bombus pratorum,bees,common
Bombus pyrenaeus,bees,common
Bombus quadricolor,bees,common
Bombus ruderarius,bees,common
Bombus ruderatus,bees,common
Bombus rupestris,bees,common
Bombus sichelii,bees,common
Bombus soroeensis,bees,common
Bombus sporadicus,bees,common
Bombus subterraneus,bees,common
Bombus sylvarum,bees,common
Bombus sylvestris,bees,common
Bombus terrestris,bees,common
Bombus vestalis,bees,common
Bombus veteranus,bees,common
Bombus wurflenii,bees,common
Ceratina cucurbitina,bees,common
Ceratina cyanea,bees,common
Chelostoma campanularum,bees,common
Chelostoma distinctum,bees,common
Chelostoma florisomne,bees,common
Chelostoma rapunculi,bees,common
Coelioxys conoideus,bees,common
Coelioxys elongatus,bees,common
Coelioxys inermis,bees,common
Coelioxys mandibularis,bees,common
Coelioxys quadridentatus,bees,common
Coelioxys rufescens,bees,common
Colletes cunicularius,bees,common
Colletes daviesanus,bees,common
Colletes floralis,bees,common
Colletes fodiens,bees,common
Colletes halophilus,bees,common
Colletes hederae,bees,common
Colletes marginatus,bees,common
Colletes similis,bees,common
Colletes succinctus,bees,common
Dasypoda hirtipes,bees,common
Dufourea dentiventris,bees,common
Epeolus cruciger,bees,common
Epeolus variegatus,bees,common
Eucera longicornis,bees,common
Eucera nigrescens,bees,common
Halictus fulvipes,bees,common
Halictus maculatus,bees,common
Halictus quadricinctus,bees,common
Halictus rubicundus,bees,common
Halictus scabiosae,bees,common
Halictus sexcinctus,bees,common
Halictus simplex,bees,common
Heriades crenulata,bees,common
Heriades truncorum,bees,common
Hoplitis adunca,bees,common
Hoplitis claviventris,bees,common
Hoplitis leucomelana,bees,common
Hoplitis mitis,bees,common
Hoplitis tuberculata,bees,common
Hylaeus angustatus,bees,common
Hylaeus annulatus,bees,common
Hylaeus brevicornis,bees,common
Hylaeus cardioscapus,bees,common
Hylaeus clypearis,bees,common
Hylaeus communis,bees,common
Hylaeus confusus,bees,common
Hylaeus cornutus,bees,common
Hylaeus difformis,bees,common
Hylaeus dilatatus,bees,common
Hylaeus gibbus,bees,common
Hylaeus gredleri,bees,common
Hylaeus hyalinatus,bees,common
Hylaeus imparilis,bees,common
Hylaeus incongruus,bees,common
Hylaeus nigritus,bees,common
Hylaeus pectoralis,bees,common
Hylaeus pictipes,bees,common
Hylaeus punctatus,bees,common
Hylaeus rinki,bees,common
Hylaeus signatus,bees,common
Hylaeus sinuatus,bees,common
Hylaeus styriacus,bees,common
Hylaeus variegatus,bees,common
Lasioglossum aeratum,bees,common
Lasioglossum albipes,bees,common
Lasioglossum brevicorne,bees,common
Lasioglossum calceatum,bees,common
Lasioglossum cupromicans,bees,common
Lasioglossum fratellum,bees,common
Lasioglossum fulvicorne,bees,common
Lasioglossum glabriusculum,bees,common
Lasioglossum interruptum,bees,common
Lasioglossum laevigatum,bees,common
Lasioglossum laticeps,bees,common
Lasioglossum lativentre,bees,common
Lasioglossum leucopus,bees,common
Lasioglossum leucozonium,bees,common
Lasioglossum lucidulum,bees,common
Lasioglossum malachurum,bees,common
Lasioglossum marginatum,bees,common
Lasioglossum minutissimum,bees,common
Lasioglossum minutulum,bees,common
Lasioglossum morio,bees,common
Lasioglossum nigripes,bees,common
Lasioglossum nitidiusculum,bees,common
Lasioglossum nitidulum,bees,common
Lasioglossum parvulum,bees,common
Lasioglossum pauxillum,bees,common
Lasioglossum politum,bees,common
Lasioglossum prasinum,bees,common
Lasioglossum punctatissimum,bees,common
Lasioglossum puncticolle,bees,common
Lasioglossum quadrinotatulum,bees,common
Lasioglossum quadrinotatum,bees,common
Lasioglossum rufitarse,bees,common
Lasioglossum semilucens,bees,common
Lasioglossum sexnotatum,bees,common
Lasioglossum sexstrigatum,bees,common
Lasioglossum smeathmanellum,bees,common
Lasioglossum subhirtum,bees,common
Lasioglossum tricinctum,bees,common
Lasioglossum villosulum,bees,common
Lasioglossum xanthopus,bees,common
Lasioglossum zonulum,bees,common
Macropis europaea,bees,common
Macropis fulvipes,bees,common
Megachile alpicola,bees,common
Megachile analis,bees,common
Megachile apicalis,bees,common
Megachile argentata,bees,common
Megachile centuncularis,bees,common
Megachile circumcincta,bees,common
Megachile ericetorum,bees,common
Megachile lapponica,bees,common
Megachile leachella,bees,common
Megachile maritima,bees,common
Megachile nigriventris,bees,common
Megachile pyrenaea,bees,common
Megachile rotundata,bees,common
Megachile versicolor,bees,common
Megachile willughbiella,bees,common
Melecta albifrons,bees,common
Melitta haemorrhoidalis,bees,common
Melitta leporina,bees,common
Melitta nigricans,bees,common
Melitta tricincta,bees,common
Nomada alboguttata,bees,common
Nomada armata,bees,common
Nomada bifasciata,bees,common
Nomada distinguenda,bees,common
Nomada fabriciana,bees,common
Nomada femoralis,bees,common
Nomada ferruginata,bees,common
Nomada flava,bees,common
Nomada flavoguttata,bees,common
Nomada flavopicta,bees,common
Nomada fucata,bees,common
Nomada fulvicornis,bees,common
Nomada fuscicornis,bees,common
Nomada goodeniana,bees,common
Nomada integra,bees,common
Nomada lathburiana,bees,common
Nomada leucophthalma,bees,common
Nomada marshamella,bees,common
Nomada panzeri,bees,common
Nomada roberjeotiana,bees,common
Nomada ruficornis,bees,common
Nomada rufipes,bees,common
Nomada sexfasciata,bees,common
Nomada sheppardana,bees,common
Nomada signata,bees,common
Nomada striata,bees,common
Nomada succincta,bees,common
Nomada zonata,bees,common
Osmia aurulenta,bees,common
Osmia bicolor,bees,common
Osmia bicornis,bees,common
Osmia caerulescens,bees,common
Osmia cornuta,bees,common
Osmia leaiana,bees,common
Osmia niveata,bees,common
Osmia parietina,bees,common
Osmia pilicornis,bees,common
Osmia rufohirta,bees,common
Osmia spinulosa,bees,common
Osmia submicans,bees,common
Osmia uncinata,bees,common
Panurginus romani,bees,common
Panurgus banksianus,bees,common
Panurgus calcaratus,bees,common
Panurgus dentipes,bees,common
Rhodanthidium septemdentatum,bees,common
Rhodanthidium sticticum,bees,common
Seladonia confusa,bees,common
Seladonia smaragdula,bees,common
Seladonia subaurata,bees,common
Seladonia tumulorum,bees,common
Sphecodes albilabris,bees,common
Sphecodes crassus,bees,common
Sphecodes ephippius,bees,common
Sphecodes ferruginatus,bees,common
Sphecodes geoffrellus,bees,common
Sphecodes gibbus,bees,common
Sphecodes hyalinatus,bees,common
Sphecodes longulus,bees,common
Sphecodes miniatus,bees,common
Sphecodes monilicornis,bees,common
Sphecodes niger,bees,common
Sphecodes pellucidus,bees,common
Sphecodes puncticeps,bees,common
Sphecodes reticulatus,bees,common
Stelis breviuscula,bees,common
Stelis ornatula,bees,common
Stelis phaeoptera,bees,common
Stelis punctulatissima,bees,common
Trachusa byssina,bees,common
Xylocopa violacea,bees,common
Afranthidium carduele,bees,rare
Afranthidium schulthessii,bees,rare
Aglaoapis tridentata,bees,rare
Amegilla andresi,bees,rare
Amegilla fasciata,bees,rare
Amegilla garrula,bees,rare
Amegilla ochroleuca,bees,rare
Amegilla salviae,bees,rare
Amegilla savignyi,bees,rare
Amegilla velocissima,bees,rare
Ammobates muticus,bees,rare
Ammobates punctatus,bees,rare
Ammobatoides abdominalis,bees,rare
Ammobatoides scriptus,bees,rare
Andrena abbreviata,bees,rare
Andrena abrupta,bees,rare
Andrena aciculata,bees,rare
Andrena aeneiventris,bees,rare
Andrena aerinifrons,bees,rare
Andrena afrensis,bees,rare
Andrena afzeliella,bees,rare
Andrena agnata,bees,rare
Andrena albopunctata,bees,rare
Andrena alfkenelloides,bees,rare
Andrena allosa,bees,rare
Andrena alluaudi,bees,rare
Andrena alutacea,bees,rare
Andrena amieti,bees,rare
Andrena ampla,bees,rare
Andrena anthrisci,bees,rare
Andrena antigana,bees,rare
Andrena antonellae,bees,rare
Andrena asperrima,bees,rare
Andrena assimilis,bees,rare
Andrena atrata,bees,rare
Andrena avara,bees,rare
Andrena baetica,bees,rare
Andrena barbareae,bees,rare
Andrena batava,bees,rare
Andrena bayona,bees,rare
Andrena bellidis,bees,rare
Andrena benoisti,bees,rare
Andrena bicolorata,bees,rare
Andrena biguttata,bees,rare
Andrena binominata,bees,rare
Andrena bisulcata,bees,rare
Andrena blanda,bees,rare
Andrena brumanensis,bees,rare
Andrena caneae,bees,rare
Andrena cervina,bees,rare
Andrena chrysopus,bees,rare
Andrena chrysopyga,bees,rare
Andrena cilissaeformis,bees,rare
Andrena cinerea,bees,rare
Andrena cinereophila,bees,rare
Andrena clypella,bees,rare
Andrena colletiformis,bees,rare
Andrena combaella,bees,rare
Andrena concinna,bees,rare
Andrena confinis,bees,rare
Andrena congruens,bees,rare
Andrena corax,bees,rare
Andrena curtivalvis,bees,rare
Andrena curvana,bees,rare
Andrena curvungula,bees,rare
Andrena cyanomicans,bees,rare
Andrena danuvia,bees,rare
Andrena decipiens,bees,rare
Andrena discors,bees,rare
Andrena distinguenda,bees,rare
Andrena djelfensis,bees,rare
Andrena elata,bees,rare
Andrena elmaria,bees,rare
Andrena fabrella,bees,rare
Andrena farinosa,bees,rare
Andrena ferox,bees,rare
Andrena ferrugineicrus,bees,rare
Andrena fertoni,bees,rare
Andrena fimbriata,bees,rare
Andrena flavilabris,bees,rare
Andrena florentina,bees,rare
Andrena floricola,bees,rare
Andrena florivaga,bees,rare
Andrena forsterella,bees,rare
Andrena freygessneri,bees,rare
Andrena fria,bees,rare
Andrena fulica,bees,rare
Andrena fulvicornis,bees,rare
Andrena fulvitarsis,bees,rare
Andrena fumida,bees,rare
Andrena funerea,bees,rare
Andrena fuscosa,bees,rare
Andrena gelriae,bees,rare
Andrena granulosa,bees,rare
Andrena gredana,bees,rare
Andrena griseobalteata,bees,rare
Andrena hedikae,bees,rare
Andrena hesperia,bees,rare
Andrena hyemala,bees,rare
Andrena hypopolia,bees,rare
Andrena hystrix,bees,rare
Andrena impunctata,bees,rare
Andrena kornosica,bees,rare
Andrena kriechbaumeri,bees,rare
Andrena lagopus,bees,rare
Andrena langadensis,bees,rare
Andrena lateralis,bees,rare
Andrena lavandulae,bees,rare
Andrena lepida,bees,rare
Andrena leptopyga,bees,rare
Andrena leucolippa,bees,rare
Andrena leucophaea,bees,rare
Andrena levante,bees,rare
Andrena limata,bees,rare
Andrena limbata,bees,rare
Andrena livens,bees,rare
Andrena longibarbis,bees,rare
Andrena magunta,bees,rare
Andrena merula,bees,rare
Andrena miegiella,bees,rare
Andrena mitis,bees,rare
Andrena mocsaryi,bees,rare
Andrena monacha,bees,rare
Andrena montana,bees,rare
Andrena morio,bees,rare
Andrena mucida,bees,rare
Andrena nana,bees,rare
Andrena nanula,bees,rare
Andrena nasuta,bees,rare
Andrena neocypriaca,bees,rare
Andrena neovirida,bees,rare
Andrena nigroolivacea,bees,rare
Andrena nigropilosa,bees,rare
Andrena nigroviridula,bees,rare
Andrena nilotica,bees,rare
Andrena nitidiuscula,bees,rare
Andrena nitidula,bees,rare
Andrena niveata,bees,rare
Andrena nobilis,bees,rare
Andrena nuptialis,bees,rare
Andrena nycthemera,bees,rare
Andrena olympica,bees,rare
Andrena omnilaevis,bees,rare
Andrena oralis,bees,rare
Andrena orana,bees,rare
Andrena orbitalis,bees,rare
Andrena orientana,bees,rare
Andrena ovata,bees,rare
Andrena ovatula,bees,rare
Andrena oviventris,bees,rare
Andrena pallitarsis,bees,rare
Andrena pandellei,bees,rare
Andrena pandosa,bees,rare
Andrena panurgimorpha,bees,rare
Andrena panurgina,bees,rare
Andrena parviceps,bees,rare
Andrena pastellensis,bees,rare
Andrena paucisquama,bees,rare
Andrena pellucens,bees,rare
Andrena polita,bees,rare
Andrena potentillae,bees,rare
Andrena poupillieri,bees,rare
Andrena probata,bees,rare
Andrena producta,bees,rare
Andrena pruinosa,bees,rare
Andrena pusilla,bees,rare
Andrena ranunculi,bees,rare
Andrena ranunculorum,bees,rare
Andrena relata,bees,rare
Andrena rhenana,bees,rare
Andrena rhyssonota,bees,rare
Andrena rogenhoferi,bees,rare
Andrena rufizona,bees,rare
Andrena rufula,bees,rare
Andrena rugothorace,bees,rare
Andrena rugulosa,bees,rare
Andrena sandanskia,bees,rare
Andrena sardoa,bees,rare
Andrena saxonica,bees,rare
Andrena schencki,bees,rare
Andrena schmiedeknechti,bees,rare
Andrena schulzi,bees,rare
Andrena scita,bees,rare
Andrena seminuda,bees,rare
Andrena senecionis,bees,rare
Andrena sericata,bees,rare
Andrena simillima,bees,rare
Andrena simontornyella,bees,rare
Andrena sphecodimorpha,bees,rare
Andrena spreta,bees,rare
Andrena stabiana,bees,rare
Andrena standfussorum,bees,rare
Andrena suerinensis,bees,rare
Andrena susterai,bees,rare
Andrena symphyti,bees,rare
Andrena taraxaci,bees,rare
Andrena tenuistriata,bees,rare
Andrena thomsonii,bees,rare
Andrena truncatilabris,bees,rare
Andrena tscheki,bees,rare
Andrena tunetana,bees,rare
Andrena ungeri,bees,rare
Andrena variabilis,bees,rare
Andrena varuga,bees,rare
Andrena ventricosa,bees,rare
Andrena verticalis,bees,rare
Andrena vetula,bees,rare
Andrena villipes,bees,rare
Andrena viridescens,bees,rare
Andrena vocifera,bees,rare
Andrena vulcana,bees,rare
Andrena vulpecula,bees,rare
Andrena wilhelmi,bees,rare
Anthidiellum breviusculum,bees,rare
Anthidiellum troodicum,bees,rare
Anthidium cingulatum,bees,rare
Anthidium dalmaticum,bees,rare
Anthidium diadema,bees,rare
Anthidium loti,bees,rare
Anthidium montanum,bees,rare
Anthidium septemspinosum,bees,rare
Anthidium spiniventre,bees,rare
Anthidium taeniatum,bees,rare
Anthidium undulatum,bees,rare
Anthophora affinis,bees,rare
Anthophora agama,bees,rare
Anthophora atriceps,bees,rare
Anthophora atroalba,bees,rare
Anthophora balearica,bees,rare
Anthophora balneorum,bees,rare
Anthophora borealis,bees,rare
Anthophora calcarata,bees,rare
Anthophora canescens,bees,rare
Anthophora crassipes,bees,rare
Anthophora dalmatica,bees,rare
Anthophora dispar,bees,rare
Anthophora dufourii,bees,rare
Anthophora femorata,bees,rare
Anthophora ferruginea,bees,rare
Anthophora fulvipes,bees,rare
Anthophora fulvitarsis,bees,rare
Anthophora fulvodimidiata,bees,rare
Anthophora gallica,bees,rare
Anthophora hispanica,bees,rare
Anthophora leucophaea,bees,rare
Anthophora mucida,bees,rare
Anthophora nigrovittata,bees,rare
Anthophora orientalis,bees,rare
Anthophora podagra,bees,rare
Anthophora pruinosa,bees,rare
Anthophora pubescens,bees,rare
Anthophora punctilabris,bees,rare
Anthophora quadricolor,bees,rare
Anthophora robusta,bees,rare
Anthophora rogenhoferi,bees,rare
Anthophora romandii,bees,rare
Anthophora rutilans,bees,rare
Anthophora senescens,bees,rare
Anthophora sichelii,bees,rare
Biastes brevicornis,bees,rare
Biastes emarginatus,bees,rare
Biastes truncatus,bees,rare
Bombus argillaceus,bees,rare
Bombus confusus,bees,rare
Bombus cullumanus,bees,rare
Bombus gerstaeckeri,bees,rare
Bombus hyperboreus,bees,rare
Bombus inexspectatus,bees,rare
Bombus mucidus,bees,rare
Bombus patagiatus,bees,rare
Bombus pomorum,bees,rare
Bombus pyrrhopygus,bees,rare
Bombus schrencki,bees,rare
Bombus semenoviellus,bees,rare
Camptopoeum friesei,bees,rare
Camptopoeum frontale,bees,rare
Ceratina callosa,bees,rare
Ceratina chalcites,bees,rare
Ceratina chalybea,bees,rare
Ceratina dallatorreana,bees,rare
Ceratina dentiventris,bees,rare
Ceratina gravidula,bees,rare
Ceratina loewi,bees,rare
Ceratina mocsaryi,bees,rare
Ceratina nigrolabiata,bees,rare
Ceratina parvula,bees,rare
Ceratina saundersi,bees,rare
Ceratina teunisseni,bees,rare
Ceylalictus variegatus,bees,rare
Chelostoma comosum,bees,rare
Chelostoma diodon,bees,rare
Chelostoma edentulum,bees,rare
Chelostoma emarginatum,bees,rare
Chelostoma foveolatum,bees,rare
Chelostoma grande,bees,rare
Chelostoma hellenicum,bees,rare
Chelostoma laticaudum,bees,rare
Chelostoma longifacies,bees,rare
Chelostoma mocsaryi,bees,rare
Chelostoma nasutum,bees,rare
Chelostoma styriacum,bees,rare
Chelostoma transversum,bees,rare
Chelostoma ventrale,bees,rare
Clavipanurgus sculpturatus,bees,rare
Coelioxys acanthurus,bees,rare
Coelioxys afer,bees,rare
Coelioxys alatus,bees,rare
Coelioxys argenteus,bees,rare
Coelioxys aurolimbatus,bees,rare
Coelioxys brevis,bees,rare
Coelioxys coturnix,bees,rare
Coelioxys echinatus,bees,rare
Coelioxys haemorrhoa,bees,rare
Coelioxys lanceolatus,bees,rare
Coelioxys obtusispina,bees,rare
Coelioxys obtusus,bees,rare
Colletes abeillei,bees,rare
Colletes acutus,bees,rare
Colletes albomaculatus,bees,rare
Colletes anchusae,bees,rare
Colletes brevigena,bees,rare
Colletes carinatus,bees,rare
Colletes cariniger,bees,rare
Colletes caspicus,bees,rare
Colletes chengtehensis,bees,rare
Colletes collaris,bees,rare
Colletes creticus,bees,rare
Colletes cyprius,bees,rare
Colletes dinizi,bees,rare
Colletes dusmeti,bees,rare
Colletes eous,bees,rare
Colletes foveolaris,bees,rare
Colletes gallicus,bees,rare
Colletes graeffei,bees,rare
Colletes hylaeiformis,bees,rare
Colletes impunctatus,bees,rare
Colletes inexpectatus,bees,rare
Colletes ligatus,bees,rare
Colletes maidli,bees,rare
Colletes meyeri,bees,rare
Colletes mlokossewiczi,bees,rare
Colletes nasutus,bees,rare
Colletes nigricans,bees,rare
Colletes noskiewiczi,bees,rare
Colletes pulchellus,bees,rare
Colletes punctatus,bees,rare
Colletes schmidi,bees,rare
Colletes sierrensis,bees,rare
Colletes tuberculatus,bees,rare
Colletes tuberculiger,bees,rare
Colletes wolfi,bees,rare
Dasypoda albimana,bees,rare
Dasypoda argentata,bees,rare
Dasypoda braccata,bees,rare
Dasypoda cingulata,bees,rare
Dasypoda crassicornis,bees,rare
Dasypoda dusmeti,bees,rare
Dasypoda frieseana,bees,rare
Dasypoda morotei,bees,rare
Dasypoda pyriformis,bees,rare
Dasypoda pyrotrichia,bees,rare
Dasypoda suripes,bees,rare
Dasypoda visnaga,bees,rare
Dioxys cincta,bees,rare
Dioxys moesta,bees,rare
Dioxys pumila,bees,rare
Dufourea alpina,bees,rare
Dufourea balearica,bees,rare
Dufourea gaullei,bees,rare
Dufourea graeca,bees,rare
Dufourea halictula,bees,rare
Dufourea inermis,bees,rare
Dufourea iris,bees,rare
Dufourea minuta,bees,rare
Dufourea paradoxa,bees,rare
Dufourea styx,bees,rare
Dufourea trautmanni,bees,rare
Ensliniana bidentata,bees,rare
Eoanthidium clypeare,bees,rare
Eoanthidium insulare,bees,rare
Epeoloides coecutiens,bees,rare
Epeolus alpinus,bees,rare
Epeolus intermedius,bees,rare
Epeolus julliani,bees,rare
Epeolus productulus,bees,rare
Epeolus schummeli,bees,rare
Epeolus tarsalis,bees,rare
Epeolus transitorius,bees,rare
Eucera aequata,bees,rare
Eucera albofasciata,bees,rare
Eucera algira,bees,rare
Eucera barbiventris,bees,rare
Eucera bidentata,bees,rare
Eucera breviceps,bees,rare
Eucera caerulescens,bees,rare
Eucera caspica,bees,rare
Eucera cineraria,bees,rare
Eucera clypeata,bees,rare
Eucera codinai,bees,rare
Eucera collaris,bees,rare
Eucera confinis,bees,rare
Eucera curvitarsis,bees,rare
Eucera cypria,bees,rare
Eucera dafnii,bees,rare
Eucera dalmatica,bees,rare
Eucera digitata,bees,rare
Eucera dimidiata,bees,rare
Eucera ebmeri,bees,rare
Eucera elongatula,bees,rare
Eucera fasciata,bees,rare
Eucera furfurea,bees,rare
Eucera gaullei,bees,rare
Eucera grisea,bees,rare
Eucera helvola,bees,rare
Eucera hispana,bees,rare
Eucera hungarica,bees,rare
Eucera interrupta,bees,rare
Eucera kullenbergi,bees,rare
Eucera laxiscopa,bees,rare
Eucera matalae,bees,rare
Eucera mediterranea,bees,rare
Eucera nigrifacies,bees,rare
Eucera nigrilabris,bees,rare
Eucera notata,bees,rare
Eucera numida,bees,rare
Eucera obliterata,bees,rare
Eucera obscura,bees,rare
Eucera oraniensis,bees,rare
Eucera palaestinae,bees,rare
Eucera pannonica,bees,rare
Eucera paraclypeata,bees,rare
Eucera parnassia,bees,rare
Eucera parvicornis,bees,rare
Eucera penicillata,bees,rare
Eucera plumigera,bees,rare
Eucera pollinosa,bees,rare
Eucera proxima,bees,rare
Eucera pseudeucnemidea,bees,rare
Eucera puncticollis,bees,rare
Eucera punctulata,bees,rare
Eucera quilisi,bees,rare
Eucera rufa,bees,rare
Eucera ruficollis,bees,rare
Eucera seminuda,bees,rare
Eucera squamosa,bees,rare
Eucera syriaca,bees,rare
Eucera taurica,bees,rare
Eucera terminata,bees,rare
Eucera tricincta,bees,rare
Eucera vittulata,bees,rare
Eucera vulpes,bees,rare
Flavipanurgus flavus,bees,rare
Flavipanurgus granadensis,bees,rare
Flavipanurgus ibericus,bees,rare
Flavipanurgus kastiliensis,bees,rare
Flavipanurgus venustus,bees,rare
Habropoda tarsata,bees,rare
Habropoda zonatula,bees,rare
Halictus asperulus,bees,rare
Halictus brunnescens,bees,rare
Halictus carinthiacus,bees,rare
Halictus centaureae,bees,rare
Halictus cochlearitarsis,bees,rare
Halictus compressus,bees,rare
Halictus consobrinus,bees,rare
Halictus crenicornis,bees,rare
Halictus fumatipennis,bees,rare
Halictus gruenwaldti,bees,rare
Halictus langobardicus,bees,rare
Halictus nicosiae,bees,rare
Halictus patellatus,bees,rare
Halictus pentheri,bees,rare
Halictus quadripartitus,bees,rare
Halictus resurgens,bees,rare
Halictus sajoi,bees,rare
Halictus tetrazonianellus,bees,rare
Halictus tetrazonius,bees,rare
Halictus tridivisus,bees,rare
Halopanurgus fuzetus,bees,rare
Heriades punctulifera,bees,rare
Heriades rubicola,bees,rare
Hofferia schmiedeknechti,bees,rare
Hoplitis acuticornis,bees,rare
Hoplitis albiscopa,bees,rare
Hoplitis annulata,bees,rare
Hoplitis anthocopoides,bees,rare
Hoplitis antigae,bees,rare
Hoplitis benoisti,bees,rare
Hoplitis bihamata,bees,rare
Hoplitis bispinosa,bees,rare
Hoplitis bisulca,bees,rare
Hoplitis brachypogon,bees,rare
Hoplitis campanularis,bees,rare
Hoplitis ciliaris,bees,rare
Hoplitis cristatula,bees,rare
Hoplitis curvipes,bees,rare
Hoplitis dalmatica,bees,rare
Hoplitis fabrei,bees,rare
Hoplitis fasciculata,bees,rare
Hoplitis fertoni,bees,rare
Hoplitis graeca,bees,rare
Hoplitis hilbera,bees,rare
Hoplitis idaensis,bees,rare
Hoplitis illyrica,bees,rare
Hoplitis jakovlevi,bees,rare
Hoplitis jheringii,bees,rare
Hoplitis laevifrons,bees,rare
Hoplitis lepeletieri,bees,rare
Hoplitis limassolica,bees,rare
Hoplitis lithodorae,bees,rare
Hoplitis loti,bees,rare
Hoplitis lysholmi,bees,rare
Hoplitis manicata,bees,rare
Hoplitis marchali,bees,rare
Hoplitis mazzuccoi,bees,rare
Hoplitis mocsaryi,bees,rare
Hoplitis monticola,bees,rare
Hoplitis nicolaei,bees,rare
Hoplitis obtusa,bees,rare
Hoplitis occidentalis,bees,rare
Hoplitis ochraceicornis,bees,rare
Hoplitis pallicornis,bees,rare
Hoplitis papaveris,bees,rare
Hoplitis perezi,bees,rare
Hoplitis pici,bees,rare
Hoplitis praestans,bees,rare
Hoplitis ravouxi,bees,rare
Hoplitis robusta,bees,rare
Hoplitis saundersi,bees,rare
Hoplitis stecki,bees,rare
Hoplitis tenuispina,bees,rare
Hoplitis tigrina,bees,rare
Hoplitis tkalcuella,bees,rare
Hoplitis tridentata,bees,rare
Hoplitis villosa,bees,rare
Hoplitis yermasoyiae,bees,rare
Hylaeus absolutus,bees,rare
Hylaeus adriaticus,bees,rare
Hylaeus alpinus,bees,rare
Hylaeus annularis,bees,rare
Hylaeus bifasciatus,bees,rare
Hylaeus brachycephalus,bees,rare
Hylaeus convergens,bees,rare
Hylaeus coriaceus,bees,rare
Hylaeus crassanus,bees,rare
Hylaeus deceptorius,bees,rare
Hylaeus decipiens,bees,rare
Hylaeus duckei,bees,rare
Hylaeus euryscapus,bees,rare
Hylaeus friesei,bees,rare
Hylaeus garrulus,bees,rare
Hylaeus glacialis,bees,rare
Hylaeus gracilicornis,bees,rare
Hylaeus hellenicus,bees,rare
Hylaeus hyperpunctatus,bees,rare
Hylaeus ibericus,bees,rare
Hylaeus intermedius,bees,rare
Hylaeus kahri,bees,rare
Hylaeus leptocephalus,bees,rare
Hylaeus lineolatus,bees,rare
Hylaeus longimaculus,bees,rare
Hylaeus meridionalis,bees,rare
Hylaeus nigrifacies,bees,rare
Hylaeus nivaliformis,bees,rare
Hylaeus nivalis,bees,rare
Hylaeus paulus,bees,rare
Hylaeus penalaris,bees,rare
Hylaeus pfankuchi,bees,rare
Hylaeus pictus,bees,rare
Hylaeus pilosulus,bees,rare
Hylaeus punctulatissimus,bees,rare
Hylaeus punctus,bees,rare
Hylaeus purpurissatus,bees,rare
Hylaeus pyrenaicus,bees,rare
Hylaeus rubicola,bees,rare
Hylaeus soror,bees,rare
Hylaeus sulphuripes,bees,rare
Hylaeus taeniolatus,bees,rare
Hylaeus trifidus,bees,rare
Hylaeus trinotatus,bees,rare
Hylaeus tyrolensis,bees,rare
Icteranthidium ferrugineum,bees,rare
Icteranthidium grohmanni,bees,rare
Icteranthidium laterale,bees,rare
Lasioglossum aegyptiellum,bees,rare
Lasioglossum akroundicum,bees,rare
Lasioglossum albocinctum,bees,rare
Lasioglossum albovirens,bees,rare
Lasioglossum algericolellum,bees,rare
Lasioglossum alpigenum,bees,rare
Lasioglossum anellum,bees,rare
Lasioglossum angusticeps,bees,rare
Lasioglossum angustipes,bees,rare
Lasioglossum aphrodite,bees,rare
Lasioglossum apostoli,bees,rare
Lasioglossum aureolum,bees,rare
Lasioglossum bavaricum,bees,rare
Lasioglossum bimaculatum,bees,rare
Lasioglossum bischoffi,bees,rare
Lasioglossum bluethgeni,bees,rare
Lasioglossum boreale,bees,rare
Lasioglossum breviventre,bees,rare
Lasioglossum buccale,bees,rare
Lasioglossum callizonium,bees,rare
Lasioglossum capitale,bees,rare
Lasioglossum clypeare,bees,rare
Lasioglossum clypeiferellum,bees,rare
Lasioglossum collopiense,bees,rare
Lasioglossum convexiusculum,bees,rare
Lasioglossum corvinum,bees,rare
Lasioglossum costulatum,bees,rare
Lasioglossum crassepunctatum,bees,rare
Lasioglossum cristula,bees,rare
Lasioglossum damascenum,bees,rare
Lasioglossum danuvium,bees,rare
Lasioglossum discus,bees,rare
Lasioglossum dolichocephalum,bees,rare
Lasioglossum duckei,bees,rare
Lasioglossum dusmeti,bees,rare
Lasioglossum elegans,bees,rare
Lasioglossum erraticum,bees,rare
Lasioglossum euboeense,bees,rare
Lasioglossum eurasicum,bees,rare
Lasioglossum griseolum,bees,rare
Lasioglossum ibericum,bees,rare
Lasioglossum immunitum,bees,rare
Lasioglossum intermedium,bees,rare
Lasioglossum kussariense,bees,rare
Lasioglossum laeve,bees,rare
Lasioglossum laevidorsum,bees,rare
Lasioglossum laterale,bees,rare
Lasioglossum leucomontanum,bees,rare
Lasioglossum limbelloides,bees,rare
Lasioglossum limbellum,bees,rare
Lasioglossum lineare,bees,rare
Lasioglossum lissonotum,bees,rare
Lasioglossum littorale,bees,rare
Lasioglossum majus,bees,rare
Lasioglossum mandibulare,bees,rare
Lasioglossum marginellum,bees,rare
Lasioglossum maurusium,bees,rare
Lasioglossum medinai,bees,rare
Lasioglossum mediterraneum,bees,rare
Lasioglossum mesosclerum,bees,rare
Lasioglossum monstrificum,bees,rare
Lasioglossum obscuratum,bees,rare
Lasioglossum orihuelicum,bees,rare
Lasioglossum pallens,bees,rare
Lasioglossum pauperatum,bees,rare
Lasioglossum perclavipes,bees,rare
Lasioglossum peregrinum,bees,rare
Lasioglossum pleurospeculum,bees,rare
Lasioglossum podolicum,bees,rare
Lasioglossum pseudocaspicum,bees,rare
Lasioglossum pseudoleptocephalum,bees,rare
Lasioglossum pseudoplanulum,bees,rare
Lasioglossum pygmaeum,bees,rare
Lasioglossum quadrisignatum,bees,rare
Lasioglossum ragusanum,bees,rare
Lasioglossum setulosum,bees,rare
Lasioglossum sexmaculatum,bees,rare
Lasioglossum sexnotatulum,bees,rare
Lasioglossum soror,bees,rare
Lasioglossum sphecodimorphum,bees,rare
Lasioglossum strictifrons,bees,rare
Lasioglossum subaenescens,bees,rare
Lasioglossum subfasciatum,bees,rare
Lasioglossum subfulvicorne,bees,rare
Lasioglossum tarsatum,bees,rare
Lasioglossum transitorium,bees,rare
Lasioglossum trichopygum,bees,rare
Lasioglossum truncaticolle,bees,rare
Lasioglossum tschibuklinum,bees,rare
Lasioglossum vergilianum,bees,rare
Lasioglossum virens,bees,rare
Lithurgus chrysurus,bees,rare
Lithurgus cornutus,bees,rare
Lithurgus tibialis,bees,rare
Macropis frivaldszkyi,bees,rare
Megachile albisecta,bees,rare
Megachile albocristata,bees,rare
Megachile albonotata,bees,rare
Megachile apennina,bees,rare
Megachile baetica,bees,rare
Megachile bombycina,bees,rare
Megachile burdigalensis,bees,rare
Megachile deceptoria,bees,rare
Megachile fertoni,bees,rare
Megachile flabellipes,bees,rare
Megachile genalis,bees,rare
Megachile giraudi,bees,rare
Megachile hungarica,bees,rare
Megachile lagopoda,bees,rare
Megachile lefebvrei,bees,rare
Megachile leucomalla,bees,rare
Megachile ligniseca,bees,rare
Megachile manicata,bees,rare
Megachile marginata,bees,rare
Megachile melanogaster,bees,rare
Megachile melanopyga,bees,rare
Megachile montenegrensis,bees,rare
Megachile octosignata,bees,rare
Megachile opacifrons,bees,rare
Megachile parietina,bees,rare
Megachile pilicrus,bees,rare
Megachile pusilla,bees,rare
Megachile pyrenaica,bees,rare
Megachile roeweri,bees,rare
Megachile rufescens,bees,rare
Megachile sculpturalis,bees,rare
Megachile semicircularis,bees,rare
Megachile sicula,bees,rare
Megachile thevestensis,bees,rare
Melecta aegyptiaca,bees,rare
Melecta duodecimmaculata,bees,rare
Melecta festiva,bees,rare
Melecta fulgida,bees,rare
Melecta funeraria,bees,rare
Melecta italica,bees,rare
Melecta leucorhyncha,bees,rare
Melecta luctuosa,bees,rare
Melecta obscura,bees,rare
Melecta tuberculata,bees,rare
Melitta dimidiata,bees,rare
Melitta hispanica,bees,rare
Melitta kastiliensis,bees,rare
Melitta maura,bees,rare
Melitta melanura,bees,rare
Melitta murciana,bees,rare
Melitta udmurtica,bees,rare
Melitturga caudata,bees,rare
Melitturga clavicornis,bees,rare
Melitturga praestans,bees,rare
Nomada agrestis,bees,rare
Nomada argentata,bees,rare
Nomada atroscutellaris,bees,rare
Nomada babiyi,bees,rare
Nomada baccata,bees,rare
Nomada basalis,bees,rare
Nomada beaumonti,bees,rare
Nomada bispinosa,bees,rare
Nomada blepharipes,bees,rare
Nomada bluethgeni,bees,rare
Nomada braunsiana,bees,rare
Nomada calimorpha,bees,rare
Nomada carnifex,bees,rare
Nomada caspia,bees,rare
Nomada castellana,bees,rare
Nomada cherkesiana,bees,rare
Nomada concolor,bees,rare
Nomada confinis,bees,rare
Nomada conjungens,bees,rare
Nomada connectens,bees,rare
Nomada corcyraea,bees,rare
Nomada coronata,bees,rare
Nomada cretensis,bees,rare
Nomada cristata,bees,rare
Nomada cruenta,bees,rare
Nomada cypria,bees,rare
Nomada cypricola,bees,rare
Nomada dira,bees,rare
Nomada discedens,bees,rare
Nomada discrepans,bees,rare
Nomada dolosa,bees,rare
Nomada duplex,bees,rare
Nomada ebmeri,bees,rare
Nomada emarginata,bees,rare
Nomada eos,bees,rare
Nomada errans,bees,rare
Nomada erythrocephala,bees,rare
Nomada facilis,bees,rare
Nomada fallax,bees,rare
Nomada fenestrata,bees,rare
Nomada filicornis,bees,rare
Nomada flavigenis,bees,rare
Nomada flavilabris,bees,rare
Nomada furva,bees,rare
Nomada furvoides,bees,rare
Nomada fusca,bees,rare
Nomada glaberrima,bees,rare
Nomada glaucopis,bees,rare
Nomada gransassoi,bees,rare
Nomada gribodoi,bees,rare
Nomada gruenwaldti,bees,rare
Nomada guttulata,bees,rare
Nomada hera,bees,rare
Nomada hirtipes,bees,rare
Nomada hispanica,bees,rare
Nomada hungarica,bees,rare
Nomada illustris,bees,rare
Nomada immaculata,bees,rare
Nomada imperialis,bees,rare
Nomada incisa,bees,rare
Nomada insignipes,bees,rare
Nomada italica,bees,rare
Nomada kohli,bees,rare
Nomada kornosica,bees,rare
Nomada kriesteni,bees,rare
Nomada lapillula,bees,rare
Nomada limassolica,bees,rare
Nomada linsenmaieri,bees,rare
Nomada lucidula,bees,rare
Nomada maculicornis,bees,rare
Nomada mauritanica,bees,rare
Nomada mavromoustakisi,bees,rare
Nomada melathoracica,bees,rare
Nomada merceti,bees,rare
Nomada minuscula,bees,rare
Nomada mocsaryi,bees,rare
Nomada moeschleri,bees,rare
Nomada mutabilis,bees,rare
Nomada mutica,bees,rare
Nomada nausicaa,bees,rare
Nomada nesiotica,bees,rare
Nomada nigrovaria,bees,rare
Nomada nobilis,bees,rare
Nomada numida,bees,rare
Nomada obscura,bees,rare
Nomada obtusifrons,bees,rare
Nomada oculata,bees,rare
Nomada opaca,bees,rare
Nomada ottomanensis,bees,rare
Nomada pallispinosa,bees,rare
Nomada panurgina,bees,rare
Nomada pectoralis,bees,rare
Nomada piccioliana,bees,rare
Nomada pleurosticta,bees,rare
Nomada polemediana,bees,rare
Nomada posthuma,bees,rare
Nomada priesneri,bees,rare
Nomada propinqua,bees,rare
Nomada pygidialis,bees,rare
Nomada rhenana,bees,rare
Nomada rostrata,bees,rare
Nomada rubiginosa,bees,rare
Nomada rubricollis,bees,rare
Nomada rubricoxa,bees,rare
Nomada rufoabdominalis,bees,rare
Nomada sanguinea,bees,rare
Nomada serricornis,bees,rare
Nomada sicula,bees,rare
Nomada similis,bees,rare
Nomada stigma,bees,rare
Nomada stoeckherti,bees,rare
Nomada subcornuta,bees,rare
Nomada symphyti,bees,rare
Nomada thersites,bees,rare
Nomada tormentillae,bees,rare
Nomada trapeziformis,bees,rare
Nomada tridentirostris,bees,rare
Nomada trispinosa,bees,rare
Nomada unica,bees,rare
Nomada verna,bees,rare
Nomada villosa,bees,rare
Nomiapis bispinosa,bees,rare
Nomiapis diversipes,bees,rare
Nomiapis equestris,bees,rare
Nomiapis femoralis,bees,rare
Nomiapis monstrosa,bees,rare
Nomiapis paulyi,bees,rare
Nomiapis susannae,bees,rare
Nomiapis valga,bees,rare
Nomioides facilis,bees,rare
Nomioides minutissimus,bees,rare
Osmia alticola,bees,rare
Osmia amathusica,bees,rare
Osmia anceyi,bees,rare
Osmia andrenoides,bees,rare
Osmia apicata,bees,rare
Osmia argyropyga,bees,rare
Osmia balearica,bees,rare
Osmia bidentata,bees,rare
Osmia bischoffi,bees,rare
Osmia brevicornis,bees,rare
Osmia cephalotes,bees,rare
Osmia cerinthidis,bees,rare
Osmia clypearis,bees,rare
Osmia croatica,bees,rare
Osmia cyanoxantha,bees,rare
Osmia dimidiata,bees,rare
Osmia disjuncta,bees,rare
Osmia dives,bees,rare
Osmia emarginata,bees,rare
Osmia erythrogastra,bees,rare
Osmia fallax,bees,rare
Osmia ferruginea,bees,rare
Osmia gallarum,bees,rare
Osmia hellados,bees,rare
Osmia heteracantha,bees,rare
Osmia iberica,bees,rare
Osmia inermis,bees,rare
Osmia kohlii,bees,rare
Osmia labialis,bees,rare
Osmia laticeps,bees,rare
Osmia latreillei,bees,rare
Osmia ligurica,bees,rare
Osmia lunata,bees,rare
Osmia maritima,bees,rare
Osmia melanogaster,bees,rare
Osmia melanura,bees,rare
Osmia moreensis,bees,rare
Osmia mustelina,bees,rare
Osmia nana,bees,rare
Osmia nasoproducta,bees,rare
Osmia nasuta,bees,rare
Osmia nigriventris,bees,rare
Osmia nigrohirta,bees,rare
Osmia niveocincta,bees,rare
Osmia notata,bees,rare
Osmia padri,bees,rare
Osmia rhodoensis,bees,rare
Osmia rutila,bees,rare
Osmia saxicola,bees,rare
Osmia scutellaris,bees,rare
Osmia signata,bees,rare
Osmia spinigera,bees,rare
Osmia steinmanni,bees,rare
Osmia subcornuta,bees,rare
Osmia svenssoni,bees,rare
Osmia sybarita,bees,rare
Osmia tergestensis,bees,rare
Osmia teunisseni,bees,rare
Osmia tricornis,bees,rare
Osmia uncicornis,bees,rare
Osmia versicolor,bees,rare
Osmia viridana,bees,rare
Osmia xanthomelana,bees,rare
Panurginus albopilosus,bees,rare
Panurginus alpinus,bees,rare
Panurginus annulatus,bees,rare
Panurginus herzi,bees,rare
Panurginus labiatus,bees,rare
Panurginus lactipennis,bees,rare
Panurginus montanus,bees,rare
Panurginus schwarzi,bees,rare
Panurginus sericatus,bees,rare
Panurgus canescens,bees,rare
Panurgus cephalotes,bees,rare
Panurgus corsicus,bees,rare
Panurgus dargius,bees,rare
Panurgus meridionalis,bees,rare
Panurgus perezi,bees,rare
Panurgus siculus,bees,rare
Pasites maculatus,bees,rare
Protosmia asensioi,bees,rare
Protosmia capitata,bees,rare
Protosmia exenterata,bees,rare
Protosmia glutinosa,bees,rare
Protosmia longiceps,bees,rare
Protosmia minutula,bees,rare
Protosmia monstrosa,bees,rare
Protosmia montana,bees,rare
Protosmia paradoxa,bees,rare
Protosmia sideritis,bees,rare
Protosmia tiflensis,bees,rare
Pseudoanthidium eximium,bees,rare
Pseudoanthidium melanurum,bees,rare
Pseudoanthidium nanum,bees,rare
Pseudoanthidium reticulatum,bees,rare
Pseudoanthidium scapulare,bees,rare
Pseudoanthidium stigmaticorne,bees,rare
Rhodanthidium caturigense,bees,rare
Rhodanthidium infuscatum,bees,rare
Rhodanthidium siculum,bees,rare
Rhophitoides canus,bees,rare
Rhophitoides epiroticus,bees,rare
Rophites algirus,bees,rare
Rophites hartmanni,bees,rare
Rophites hellenicus,bees,rare
Rophites quinquespinosus,bees,rare
Seladonia cephalica,bees,rare
Seladonia gavarnica,bees,rare
Seladonia gemmea,bees,rare
Seladonia gemmella,bees,rare
Seladonia kessleri,bees,rare
Seladonia leucahenea,bees,rare
Seladonia microcardia,bees,rare
Seladonia orientana,bees,rare
Seladonia phryganica,bees,rare
Seladonia seladonia,bees,rare
Seladonia semitecta,bees,rare
Seladonia submediterranea,bees,rare
Seladonia vestita,bees,rare
Sphecodes alternatus,bees,rare
Sphecodes crassanus,bees,rare
Sphecodes cristatus,bees,rare
Sphecodes croaticus,bees,rare
Sphecodes dusmeti,bees,rare
Sphecodes hirtellus,bees,rare
Sphecodes longuloides,bees,rare
Sphecodes majalis,bees,rare
Sphecodes marginatus,bees,rare
Sphecodes olivieri,bees,rare
Sphecodes pseudofasciatus,bees,rare
Sphecodes rubicundus,bees,rare
Sphecodes rubripes,bees,rare
Sphecodes ruficrus,bees,rare
Sphecodes rufiventris,bees,rare
Sphecodes scabricollis,bees,rare
Sphecodes schenckii,bees,rare
Sphecodes spinulosus,bees,rare
Sphecodes zangherii,bees,rare
Stelis annulata,bees,rare
Stelis franconica,bees,rare
Stelis minima,bees,rare
Stelis minuta,bees,rare
Stelis nasuta,bees,rare
Stelis odontopyga,bees,rare
Stelis signata,bees,rare
Stelis simillima,bees,rare
Stenoheriades coelostoma,bees,rare
Systropha curvicornis,bees,rare
Systropha grandimargo,bees,rare
Systropha planidens,bees,rare
Tarsalia ancyliformis,bees,rare
Tetralonia alticincta,bees,rare
Tetralonia dentata,bees,rare
Tetralonia fulvescens,bees,rare
Tetralonia glauca,bees,rare
Tetralonia graja,bees,rare
Tetralonia iberica,bees,rare
Tetralonia inulae,bees,rare
Tetralonia julliani,bees,rare
Tetralonia malvae,bees,rare
Tetralonia nana,bees,rare
Tetralonia pollinosa,bees,rare
Tetralonia salicariae,bees,rare
Tetralonia scabiosae,bees,rare
Tetralonia strigata,bees,rare
Thyreus affinis,bees,rare
Thyreus hellenicus,bees,rare
Thyreus hirtus,bees,rare
Thyreus histrionicus,bees,rare
Thyreus orbatus,bees,rare
Thyreus picaron,bees,rare
Thyreus ramosus,bees,rare
Thyreus truncatus,bees,rare
Trachusa balcanica,bees,rare
Trachusa dumerlei,bees,rare
Trachusa integra,bees,rare
Trachusa interrupta,bees,rare
Trachusa laeviventris,bees,rare
Trachusa laticeps,bees,rare
Trachusa pubescens,bees,rare
Triepeolus tristis,bees,rare
Xylocopa cantabrita,bees,rare
Xylocopa iris,bees,rare
Xylocopa valga,bees,rare
Anasimyia contracta,hoverflies,
Anasimyia femorata,hoverflies,
Anasimyia interpuncta,hoverflies,
Anasimyia lunulata,hoverflies,
Anasimyia transfuga,hoverflies,
Baccha elongata,hoverflies,
Blera eoa,hoverflies,
Blera fallax,hoverflies,
Brachyopa atlantea,hoverflies,
Brachyopa bicolor,hoverflies,
Brachyopa bimaculosa,hoverflies,
Brachyopa cinerea,hoverflies,
Brachyopa dorsata,hoverflies,
Brachyopa grunewaldensis,hoverflies,
Brachyopa insensilis,hoverflies,
Brachyopa maculipennis,hoverflies,
Brachyopa minima,hoverflies,
Brachyopa obscura,hoverflies,
Brachyopa panzeri,hoverflies,
Brachyopa pilosa,hoverflies,
Brachyopa plena,hoverflies,
Brachyopa quadrimaculosa,hoverflies,
Brachyopa scutellaris,hoverflies,
Brachyopa silviae,hoverflies,
Brachyopa testacea,hoverflies,
Brachyopa vernalis,hoverflies,
Brachyopa vittata,hoverflies,
Brachyopa zhelochovtsevi,hoverflies,
Brachypalpoides lentus,hoverflies,
Brachypalpus chrysites,hoverflies,
Brachypalpus laphriformis,hoverflies,
Brachypalpus valgus,hoverflies,
Caliprobola speciosa,hoverflies,
Callicera aenea,hoverflies,
Callicera aurata,hoverflies,
Callicera fagesii,hoverflies,
Callicera macquarti,hoverflies,
Callicera rufa,hoverflies,
Callicera spinolae,hoverflies,
Ceriana conopsoides,hoverflies,
Ceriana vespiformis,hoverflies,
Chalcosyrphus eunotus,hoverflies,
Chalcosyrphus femoratus,hoverflies,
Chalcosyrphus nemorum,hoverflies,
Chalcosyrphus pannonicus,hoverflies,
Chalcosyrphus piger,hoverflies,
Chalcosyrphus rufipes,hoverflies,
Chalcosyrphus valgus,hoverflies,
Cheilosia aerea,hoverflies,
Cheilosia ahenea,hoverflies,
Cheilosia alba,hoverflies,
Cheilosia albipila,hoverflies,
Cheilosia albitarsis,hoverflies,
Cheilosia alpestris,hoverflies,
Cheilosia angustigenis,hoverflies,
Cheilosia antiqua,hoverflies,
Cheilosia aristata,hoverflies,
Cheilosia balkana,hoverflies,
Cheilosia barbafacies,hoverflies,
Cheilosia barbata,hoverflies,
Cheilosia bergenstammi,hoverflies,
Cheilosia brachysoma,hoverflies,
Cheilosia bracusi,hoverflies,
Cheilosia brunnipennis,hoverflies,
Cheilosia caerulescens,hoverflies,
Cheilosia candida,hoverflies,
Cheilosia canicularis,hoverflies,
Cheilosia carbonaria,hoverflies,
Cheilosia chloris,hoverflies,
Cheilosia chrysocomus,hoverflies,
Cheilosia clama,hoverflies,
Cheilosia crassiseta,hoverflies,
Cheilosia cumanica,hoverflies,
Cheilosia cynocephala,hoverflies,
Cheilosia derasa,hoverflies,
Cheilosia fasciata,hoverflies,
Cheilosia faucis,hoverflies,
Cheilosia flavipes,hoverflies,
Cheilosia fraterna,hoverflies,
Cheilosia frontalis,hoverflies,
Cheilosia gagatea,hoverflies,
Cheilosia gigantea,hoverflies,
Cheilosia griseifacies,hoverflies,
Cheilosia griseiventris,hoverflies,
Cheilosia grisella,hoverflies,
Cheilosia grossa,hoverflies,
Cheilosia herculana,hoverflies,
Cheilosia hercyniae,hoverflies,
Cheilosia himantopus,hoverflies,
Cheilosia hypena,hoverflies,
Cheilosia illustrata,hoverflies,
Cheilosia impressa,hoverflies,
Cheilosia impudens,hoverflies,
Cheilosia ingerae,hoverflies,
Cheilosia insignis,hoverflies,
Cheilosia katara,hoverflies,
Cheilosia kerteszi,hoverflies,
Cheilosia laeviseta,hoverflies,
Cheilosia laeviventris,hoverflies,
Cheilosia lasiopa,hoverflies,
Cheilosia laticornis,hoverflies,
Cheilosia latifrons,hoverflies,
Cheilosia lenis,hoverflies,
Cheilosia lenta,hoverflies,
Cheilosia loewi,hoverflies,
Cheilosia longula,hoverflies,
Cheilosia luteicornis,hoverflies,
Cheilosia marginata,hoverflies,
Cheilosia melanopa,hoverflies,
Cheilosia melanura,hoverflies,
Cheilosia montana,hoverflies,
Cheilosia morio,hoverflies,
Cheilosia mutabilis,hoverflies,
Cheilosia naruska,hoverflies,
Cheilosia nebulosa,hoverflies,
Cheilosia nigripes,hoverflies,
Cheilosia nivalis,hoverflies,
Cheilosia orthotricha,hoverflies,
Cheilosia paganus,hoverflies,
Cheilosia paralobi,hoverflies,
Cheilosia pascuorum,hoverflies,
Cheilosia pedemontana,hoverflies,
Cheilosia pedestris,hoverflies,
Cheilosia personata,hoverflies,
Cheilosia pictipennis,hoverflies,
Cheilosia pilifer,hoverflies,
Cheilosia pini,hoverflies,
Cheilosia proxima,hoverflies,
Cheilosia psilophthalma,hoverflies,
Cheilosia pubera,hoverflies,
Cheilosia ranunculi,hoverflies,
Cheilosia redi,hoverflies,
Cheilosia rhynchops,hoverflies,
Cheilosia ruffipes,hoverflies,
Cheilosia rufimana,hoverflies,
Cheilosia sahlbergi,hoverflies,
Cheilosia schnabli,hoverflies,
Cheilosia scutellata,hoverflies,
Cheilosia semifasciata,hoverflies,
Cheilosia sootryeni,hoverflies,
Cheilosia subpictipennis,hoverflies,
Cheilosia thessala,hoverflies,
Cheilosia urbanus,hoverflies,
Cheilosia uviformis,hoverflies,
Cheilosia vangaveri,hoverflies,
Cheilosia variabilis,hoverflies,
Cheilosia velutina,hoverflies,
Cheilosia vernalis,hoverflies,
Cheilosia vicina,hoverflies,
Cheilosia vujici,hoverflies,
Cheilosia vulpina,hoverflies,
Chrysogaster basalis,hoverflies,
Chrysogaster cemiteriorum,hoverflies,
Chrysogaster mediterraneus,hoverflies,
Chrysogaster rondanii,hoverflies,
Chrysogaster simplex,hoverflies,
Chrysogaster solstitialis,hoverflies,
Chrysogaster virescens,hoverflies,
Chrysosyrphus nasutus,hoverflies,
Chrysosyrphus niger,hoverflies,
Chrysotoxum arcuatum,hoverflies,
Chrysotoxum bicinctum,hoverflies,
Chrysotoxum cautum,hoverflies,
Chrysotoxum cisalpinum,hoverflies,
Chrysotoxum elegans,hoverflies,
Chrysotoxum fasciolatum,hoverflies,
Chrysotoxum festivum,hoverflies,
Chrysotoxum gracile,hoverflies,
Chrysotoxum intermedium,hoverflies,
Chrysotoxum lessonae,hoverflies,
Chrysotoxum montanum,hoverflies,
Chrysotoxum octomaculatum,hoverflies,
Chrysotoxum orthostylum,hoverflies,
Chrysotoxum tomentosum,hoverflies,
Chrysotoxum vernale,hoverflies,
Chrysotoxum verralli,hoverflies,
Chrysotoxum volaticum,hoverflies,
Claussenia hispanica,hoverflies,
Criorhina asilica,hoverflies,
Criorhina floccosa,hoverflies,
Criorhina pachymera,hoverflies,
Criorhina ranunculi,hoverflies,
Dasysyrphus albostriatus,hoverflies,
Dasysyrphus eggeri,hoverflies,
Dasysyrphus friuliensis,hoverflies,
Dasysyrphus hilaris,hoverflies,
Dasysyrphus lenensis,hoverflies,
Dasysyrphus neovenustus,hoverflies,
Dasysyrphus pauxillus,hoverflies,
Dasysyrphus pinastri,hoverflies,
Dasysyrphus postclaviger,hoverflies,
Dasysyrphus tricinctus,hoverflies,
Dasysyrphus venustus,hoverflies,
Didea alneti,hoverflies,
Didea fasciata,hoverflies,
Didea intermedia,hoverflies,
Doros destillatorius,hoverflies,
Doros profuges,hoverflies,
Epistrophe annulitarsis,hoverflies,
Epistrophe cryptica,hoverflies,
Epistrophe diaphana,hoverflies,
Epistrophe eligans,hoverflies,
Epistrophe flava,hoverflies,
Epistrophe grossulariae,hoverflies,
Epistrophe leiophthalma,hoverflies,
Epistrophe melanostoma,hoverflies,
Epistrophe nitidicollis,hoverflies,
Epistrophe obscuripes,hoverflies,
Epistrophe ochrostoma,hoverflies,
Epistrophe olgae,hoverflies,
Epistrophella coronata,hoverflies,
Epistrophella euchroma,hoverflies,
Episyrphus balteatus,hoverflies,
Eriozona syrphoides,hoverflies,
Eristalinus aeneus,hoverflies,
Eristalinus megacephalus,hoverflies,
Eristalinus sepulchralis,hoverflies,
Eristalinus taeniops,hoverflies,
Eristalis abusiva,hoverflies,
Eristalis alpina,hoverflies,
Eristalis anthophorina,hoverflies,
Eristalis arbustorum,hoverflies,
Eristalis cryptarum,hoverflies,
Eristalis hirta,hoverflies,
Eristalis horticola,hoverflies,
Eristalis intricaria,hoverflies,
Eristalis jugorum,hoverflies,
Eristalis nemorum,hoverflies,
Eristalis obscura,hoverflies,
Eristalis oestracea,hoverflies,
Eristalis pertinax,hoverflies,
Eristalis picea,hoverflies,
Eristalis rossica,hoverflies,
Eristalis rupium,hoverflies,
Eristalis similis,hoverflies,
Eristalis tecta,hoverflies,
Eristalis tenax,hoverflies,
Eumerus alpinus,hoverflies,
Eumerus amoenus,hoverflies,
Eumerus argyropus,hoverflies,
Eumerus armatus,hoverflies,
Eumerus aurofinis,hoverflies,
Eumerus barbarus,hoverflies,
Eumerus basalis,hoverflies,
Eumerus bicornis,hoverflies,
Eumerus claripennis,hoverflies,
Eumerus clavatus,hoverflies,
Eumerus consimilis,hoverflies,
Eumerus crassus,hoverflies,
Eumerus emarginatus,hoverflies,
Eumerus etnensis,hoverflies,
Eumerus flavitarsis,hoverflies,
Eumerus funeralis,hoverflies,
Eumerus grandis,hoverflies,
Eumerus hispanicus,hoverflies,
Eumerus hungaricus,hoverflies,
Eumerus incisus,hoverflies,
Eumerus karyates,hoverflies,
Eumerus longicornis,hoverflies,
Eumerus lucidus,hoverflies,
Eumerus minotaurus,hoverflies,
Eumerus montanum,hoverflies,
Eumerus niehuisi,hoverflies,
Eumerus nigrorufus,hoverflies,
Eumerus niveitibia,hoverflies,
Eumerus nudus,hoverflies,
Eumerus obliquus,hoverflies,
Eumerus olivaceus,hoverflies,
Eumerus ornatus,hoverflies,
Eumerus ovatus,hoverflies,
Eumerus phaeacus,hoverflies,
Eumerus pulchellus,hoverflies,
Eumerus pusillus,hoverflies,
Eumerus richteri,hoverflies,
Eumerus rubrum,hoverflies,
Eumerus ruficornis,hoverflies,
Eumerus sabulonum,hoverflies,
Eumerus sinuatus,hoverflies,
Eumerus sogdianus,hoverflies,
Eumerus strigatus,hoverflies,
Eumerus subornatus,hoverflies,
Eumerus sulcitibius,hoverflies,
Eumerus tarsalis,hoverflies,
Eumerus tenuitarsis,hoverflies,
Eumerus torsicus,hoverflies,
Eumerus tricolor,hoverflies,
Eumerus truncatus,hoverflies,
Eumerus uncipes,hoverflies,
Eumerus vestitus,hoverflies,
Eupeodes abiskoensis,hoverflies,
Eupeodes biciki,hoverflies,
Eupeodes corollae,hoverflies,
Eupeodes curtus,hoverflies,
Eupeodes flaviceps,hoverflies,
Eupeodes frequens,hoverflies,
Eupeodes goeldlini,hoverflies,
Eupeodes latifasciatus,hoverflies,
Eupeodes lucasi,hoverflies,
Eupeodes lundbecki,hoverflies,
Eupeodes luniger,hoverflies,
Eupeodes nielseni,hoverflies,
Eupeodes nitens,hoverflies,
Eupeodes nuba,hoverflies,
Eupeodes punctifer,hoverflies,
Eupeodes tirolensis,hoverflies,
Eurimyia lineata,hoverflies,
Fagisyrphus cinctus,hoverflies,
Ferdinandea aurea,hoverflies,
Ferdinandea cuprea,hoverflies,
Ferdinandea fumipennis,hoverflies,
Ferdinandea ruficornis,hoverflies,
Hammerschmidtia ferruginea,hoverflies,
Hammerschmidtia ingrica,hoverflies,
Helophilus affinis,hoverflies,
Helophilus groenlandicus,hoverflies,
Helophilus hybridus,hoverflies,
Helophilus pendulus,hoverflies,
Helophilus trivittatus,hoverflies,
Heringia heringi,hoverflies,
Ischiodon aegyptius,hoverflies,
Ischiodon scutellaris,hoverflies,
Katara connexa,hoverflies,
Lapposyrphus lapponicus,hoverflies,
Lejogaster metallina,hoverflies,
Lejogaster tarsata,hoverflies,
Lejops vittatus,hoverflies,
Lejota ruficornis,hoverflies,
Leucozona glaucia,hoverflies,
Leucozona inopinata,hoverflies,
Leucozona laternaria,hoverflies,
Leucozona lucorum,hoverflies,
Mallota cimbiciformis,hoverflies,
Mallota dusmeti,hoverflies,
Mallota fuciformis,hoverflies,
Mallota megilliformis,hoverflies,
Mallota rossica,hoverflies,
Mallota tricolor,hoverflies,
Matsumyia berberina,hoverflies,
Megasyrphus erraticus,hoverflies,
Melangyna arctica,hoverflies,
Melangyna barbifrons,hoverflies,
Melangyna compositarum,hoverflies,
Melangyna ericarum,hoverflies,
Melangyna lasiophthalma,hoverflies,
Melangyna pavlovskyi,hoverflies,
Melangyna quadrimaculata,hoverflies,
Melangyna umbellatarum,hoverflies,
Melanogaster aerosa,hoverflies,
Melanogaster curvistylus,hoverflies,
Melanogaster hirtella,hoverflies,
Melanogaster nuda,hoverflies,
Melanogaster parumplicata,hoverflies,
Melanostoma certum,hoverflies,
Melanostoma mellarium,hoverflies,
Melanostoma mellinum,hoverflies,
Melanostoma scalare,hoverflies,
Meligramma cingulatum,hoverflies,
Meligramma guttatum,hoverflies,
Meligramma triangulifera,hoverflies,
Meliscaeva auricollis,hoverflies,
Meliscaeva cinctella,hoverflies,
Merodon aberrans,hoverflies,
Merodon abruzzensis,hoverflies,
Merodon adriaticus,hoverflies,
Merodon aerarius,hoverflies,
Merodon alagoezicus,hoverflies,
Merodon albifasciatus,hoverflies,
Merodon albifrons,hoverflies,
Merodon alexandri,hoverflies,
Merodon ambiguus,hoverflies,
Merodon analis,hoverflies,
Merodon andriotes,hoverflies,
Merodon antonioi,hoverflies,
Merodon armipes,hoverflies,
Merodon atratus,hoverflies,
Merodon atricapillatus,hoverflies,
Merodon aureus,hoverflies,
Merodon aurifer,hoverflies,
Merodon auripes,hoverflies,
Merodon avidus,hoverflies,
Merodon balkanicus,hoverflies,
Merodon bessarabicus,hoverflies,
Merodon cabanerensis,hoverflies,
Merodon caerulescens,hoverflies,
Merodon calcaratus,hoverflies,
Merodon calidus,hoverflies,
Merodon chalybeatus,hoverflies,
Merodon chalybeus,hoverflies,
Merodon chrysotrichos,hoverflies,
Merodon cinereus,hoverflies,
Merodon clavipes,hoverflies,
Merodon clunipes,hoverflies,
Merodon confinium,hoverflies,
Merodon confusus,hoverflies,
Merodon constans,hoverflies,
Merodon crassifemoris,hoverflies,
Merodon crypticus,hoverflies,
Merodon desuturinus,hoverflies,
Merodon eques,hoverflies,
Merodon equestris,hoverflies,
Merodon erivanicus,hoverflies,
Merodon erymanthius,hoverflies,
Merodon escorialensis,hoverflies,
Merodon euri,hoverflies,
Merodon femoratoides,hoverflies,
Merodon femoratus,hoverflies,
Merodon flavicornis,hoverflies,
Merodon flavus,hoverflies,
Merodon funestus,hoverflies,
Merodon gallicus,hoverflies,
Merodon geniculatus,hoverflies,
Merodon hamifer,hoverflies,
Merodon hoplitis,hoverflies,
Merodon ibericus,hoverflies,
Merodon italicus,hoverflies,
Merodon kozufensis,hoverflies,
Merodon latifemoris,hoverflies,
Merodon legionensis,hoverflies,
Merodon loewi,hoverflies,
Merodon longisetus,hoverflies,
Merodon luteihumerus,hoverflies,
Merodon luteofasciatus,hoverflies,
Merodon luteomaculatus,hoverflies,
Merodon makrisi,hoverflies,
Merodon medium,hoverflies,
Merodon megavidus,hoverflies,
Merodon minutus,hoverflies,
Merodon moenium,hoverflies,
Merodon nanus,hoverflies,
Merodon natans,hoverflies,
Merodon naxius,hoverflies,
Merodon neofasciatus,hoverflies,
Merodon neolydicus,hoverflies,
Merodon neonanus,hoverflies,
Merodon nigritarsis,hoverflies,
Merodon nisi,hoverflies,
Merodon nitens,hoverflies,
Merodon obscuritarsis,hoverflies,
Merodon olympius,hoverflies,
Merodon opacus,hoverflies,
Merodon orjensis,hoverflies,
Merodon ottomanus,hoverflies,
Merodon papillus,hoverflies,
Merodon parietum,hoverflies,
Merodon peloponnesius,hoverflies,
Merodon planiceps,hoverflies,
Merodon pruni,hoverflies,
Merodon pulveris,hoverflies,
Merodon pumilus,hoverflies,
Merodon puniceus,hoverflies,
Merodon quercetorum,hoverflies,
Merodon rasicus,hoverflies,
Merodon robustus,hoverflies,
Merodon rojoi,hoverflies,
Merodon rubidiventris,hoverflies,
Merodon ruficornis,hoverflies,
Merodon rufipes,hoverflies,
Merodon rufus,hoverflies,
Merodon sacki,hoverflies,
Merodon sapphous,hoverflies,
Merodon segetum,hoverflies,
Merodon serrulatus,hoverflies,
Merodon spineus,hoverflies,
Merodon spinitarsis,hoverflies,
Merodon telmateia,hoverflies,
Merodon teruelensis,hoverflies,
Merodon testaceus,hoverflies,
Merodon toscanus,hoverflies,
Merodon trebevicensis,hoverflies,
Merodon triangulum,hoverflies,
Merodon trochantericus,hoverflies,
Merodon unguicornis,hoverflies,
Merodon unicolor,hoverflies,
Merodon velox,hoverflies,
Merodon virgatus,hoverflies,
Merodon vladimiri,hoverflies,
Mesembrius peregrinus,hoverflies,
Microdon analis,hoverflies,
Microdon devius,hoverflies,
Microdon major,hoverflies,
Microdon miki,hoverflies,
Microdon mutabilis,hoverflies,
Microdon myrmicae,hoverflies,
Milesia crabroniformis,hoverflies,
Milesia semiluctifera,hoverflies,
Myathropa florea,hoverflies,
Myolepta difformis,hoverflies,
Myolepta dubia,hoverflies,
Myolepta nigritarsis,hoverflies,
Myolepta obscura,hoverflies,
Myolepta potens,hoverflies,
Myolepta trojana,hoverflies,
Myolepta vara,hoverflies,
Neoascia annexa,hoverflies,
Neoascia geniculata,hoverflies,
Neoascia interrupta,hoverflies,
Neoascia meticulosa,hoverflies,
Neoascia obliqua,hoverflies,
Neoascia podagrica,hoverflies,
Neoascia subchalybea,hoverflies,
Neoascia tenur,hoverflies,
Neoascia unifasciata,hoverflies,
Neocnemodon brevidens,hoverflies,
Neocnemodon fulvimanus,hoverflies,
Neocnemodon larusi,hoverflies,
Neocnemodon latitarsis,hoverflies,
Neocnemodon pubescens,hoverflies,
Neocnemodon verrucula,hoverflies,
Neocnemodon vitripennis,hoverflies,
Orthonevra brevicornis,hoverflies,
Orthonevra elegans,hoverflies,
Orthonevra erythrogona,hoverflies,
Orthonevra frontalis,hoverflies,
Orthonevra gemmula,hoverflies,
Orthonevra geniculata,hoverflies,
Orthonevra intermedia,hoverflies,
Orthonevra montana,hoverflies,
Orthonevra nobilis,hoverflies,
Orthonevra stackelbergi,hoverflies,
Orthonevra tristis,hoverflies,
Palumbia bellierii,hoverflies,
Paragus absidatus,hoverflies,
Paragus albifrons,hoverflies,
Paragus albipes,hoverflies,
Paragus ascoensis,hoverflies,
Paragus bicolor,hoverflies,
Paragus bradescui,hoverflies,
Paragus cinctus,hoverflies,
Paragus compeditus,hoverflies,
Paragus constrictus,hoverflies,
Paragus finitimus,hoverflies,
Paragus flammeus,hoverflies,
Paragus glumaci,hoverflies,
Paragus haemorrhous,hoverflies,
Paragus hyalopteri,hoverflies,
Paragus kopdagensis,hoverflies,
Paragus majoranae,hoverflies,
Paragus oltenicus,hoverflies,
Paragus pecchiolii,hoverflies,
Paragus punctulatus,hoverflies,
Paragus quadrifasciatus,hoverflies,
Paragus sexarcuatus,hoverflies,
Paragus strigatus,hoverflies,
Paragus testaceus,hoverflies,
Paragus tibialis,hoverflies,
Parasyrphus annulatus,hoverflies,
Parasyrphus groenlandicus,hoverflies,
Parasyrphus lineola,hoverflies,
Parasyrphus macularis,hoverflies,
Parasyrphus malinellus,hoverflies,
Parasyrphus nigritarsis,hoverflies,
Parasyrphus proximus,hoverflies,
Parasyrphus punctulatus,hoverflies,
Parasyrphus relictus,hoverflies,
Parasyrphus tarsatus,hoverflies,
Parhelophilus consimilis,hoverflies,
Parhelophilus frutetorum,hoverflies,
Parhelophilus versicolor,hoverflies,
Pelecocera caledonica,hoverflies,
Pelecocera hederae,hoverflies,
Pelecocera lusitanica,hoverflies,
Pelecocera pruinosomaculata,hoverflies,
Pelecocera scaevoides,hoverflies,
Pelecocera tricincta,hoverflies,
Philhelius aeginae,hoverflies,
Philhelius citrofasciatus,hoverflies,
Philhelius dives,hoverflies,
Philhelius laetus,hoverflies,
Philhelius marginalis,hoverflies,
Philhelius pedissequus,hoverflies,
Philhelius pilosus,hoverflies,
Philhelius stackelbergi,hoverflies,
Pipiza austriaca,hoverflies,
Pipiza carbonaria,hoverflies,
Pipiza fasciata,hoverflies,
Pipiza festiva,hoverflies,
Pipiza laurusi,hoverflies,
Pipiza lugubris,hoverflies,
Pipiza luteibarba,hoverflies,
Pipiza luteitarsis,hoverflies,
Pipiza noctiluca,hoverflies,
Pipiza notata,hoverflies,
Pipiza quadrimaculata,hoverflies,
Pipizella annulata,hoverflies,
Pipizella bispina,hoverflies,
Pipizella brevis,hoverflies,
Pipizella calabra,hoverflies,
Pipizella divicoi,hoverflies,
Pipizella lyneborgi,hoverflies,
Pipizella maculipennis,hoverflies,
Pipizella mongolorum,hoverflies,
Pipizella nigriana,hoverflies,
Pipizella pennina,hoverflies,
Pipizella siciliana,hoverflies,
Pipizella speighti,hoverflies,
Pipizella viduata,hoverflies,
Pipizella virens,hoverflies,
Pipizella zeneggenensis,hoverflies,
Pipizella zloti,hoverflies,
Platycheirus abruzzensis,hoverflies,
Platycheirus albimanus,hoverflies,
Platycheirus ambiguus,hoverflies,
Platycheirus amplus,hoverflies,
Platycheirus angustatus,hoverflies,
Platycheirus angustipes,hoverflies,
Platycheirus aurolateralis,hoverflies,
Platycheirus brunnifrons,hoverflies,
Platycheirus chilosia,hoverflies,
Platycheirus ciliatus,hoverflies,
Platycheirus clypeatus,hoverflies,
Platycheirus complicatus,hoverflies,
Platycheirus discimanus,hoverflies,
Platycheirus europaeus,hoverflies,
Platycheirus fasciculatus,hoverflies,
Platycheirus fulviventris,hoverflies,
Platycheirus goeldlini,hoverflies,
Platycheirus immaculatus,hoverflies,
Platycheirus immarginatus,hoverflies,
Platycheirus jaerensis,hoverflies,
Platycheirus kittilaensis,hoverflies,
Platycheirus laskai,hoverflies,
Platycheirus latimanus,hoverflies,
Platycheirus lundbecki,hoverflies,
Platycheirus manicatus,hoverflies,
Platycheirus melanopsis,hoverflies,
Platycheirus modestus,hoverflies,
Platycheirus muelleri,hoverflies,
Platycheirus naso,hoverflies,
Platycheirus nielseni,hoverflies,
Platycheirus nigrofemoratus,hoverflies,
Platycheirus occultus,hoverflies,
Platycheirus parmatus,hoverflies,
Platycheirus peltatus,hoverflies,
Platycheirus perpallidus,hoverflies,
Platycheirus podagratus,hoverflies,
Platycheirus ramsarensis,hoverflies,
Platycheirus scambus,hoverflies,
Platycheirus scutatus,hoverflies,
Platycheirus speighti,hoverflies,
Platycheirus splendidus,hoverflies,
Platycheirus sticticus,hoverflies,
Platycheirus tarsalis,hoverflies,
Platycheirus tatricus,hoverflies,
Platycheirus transfugus,hoverflies,
Platycheirus urakawensis,hoverflies,
Platycheirus varipes,hoverflies,
Platynochaetus macquarti,hoverflies,
Platynochaetus setosus,hoverflies,
Pocota personata,hoverflies,
Portevinia maculata,hoverflies,
Primocerioides regale,hoverflies,
Psarus abdominalis,hoverflies,
Pseudodoros nigricollis,hoverflies,
Pseudopelecocera latifrons,hoverflies,
Psilota aegeae,hoverflies,
Psilota anthracina,hoverflies,
Psilota atra,hoverflies,
Psilota exilistyla,hoverflies,
Psilota innupta,hoverflies,
Psilota nana,hoverflies,
Pyrophaena granditarsa,hoverflies,
Pyrophaena rosarum,hoverflies,
Rhingia borealis,hoverflies,
Rhingia campestris,hoverflies,
Rhingia rostrata,hoverflies,
Riponnensia daccordii,hoverflies,
Riponnensia insignis,hoverflies,
Riponnensia longicornis,hoverflies,
Riponnensia morini,hoverflies,
Riponnensia splendens,hoverflies,
Rohdendorfia alpina,hoverflies,
Scaeva albomaculata,hoverflies,
Scaeva dignota,hoverflies,
Scaeva mecogramma,hoverflies,
Scaeva pyrastri,hoverflies,
Scaeva selenitica,hoverflies,
Sericomyia arctica,hoverflies,
Sericomyia bequaerti,hoverflies,
Sericomyia bombiformis,hoverflies,
Sericomyia hispanica,hoverflies,
Sericomyia jakutica,hoverflies,
Sericomyia lappona,hoverflies,
Sericomyia nigra,hoverflies,
Sericomyia silentis,hoverflies,
Sericomyia superbiens,hoverflies,
Spazigaster ambulans,hoverflies,
Sphaerophoria abbreviata,hoverflies,
Sphaerophoria bankowskae,hoverflies,
Sphaerophoria batava,hoverflies,
Sphaerophoria bengalensis,hoverflies,
Sphaerophoria boreoalpina,hoverflies,
Sphaerophoria chongjini,hoverflies,
Sphaerophoria estebani,hoverflies,
Sphaerophoria fatarum,hoverflies,
Sphaerophoria infuscata,hoverflies,
Sphaerophoria interrupta,hoverflies,
Sphaerophoria laurae,hoverflies,
Sphaerophoria loewi,hoverflies,
Sphaerophoria philanthus,hoverflies,
Sphaerophoria potentillae,hoverflies,
Sphaerophoria rueppelli,hoverflies,
Sphaerophoria scripta,hoverflies,
Sphaerophoria shirchan,hoverflies,
Sphaerophoria taeniata,hoverflies,
Sphaerophoria virgata,hoverflies,
Sphecomyia vespiformis,hoverflies,
Sphegina atrolutea,hoverflies,
Sphegina clavata,hoverflies,
Sphegina clunipes,hoverflies,
Sphegina cornifera,hoverflies,
Sphegina elegans,hoverflies,
Sphegina latifrons,hoverflies,
Sphegina limbipennis,hoverflies,
Sphegina montana,hoverflies,
Sphegina platychira,hoverflies,
Sphegina sibirica,hoverflies,
Sphegina spheginea,hoverflies,
Sphegina sublatifrons,hoverflies,
Sphegina varifacies,hoverflies,
Sphegina verecunda,hoverflies,
Sphiximorpha euprosopa,hoverflies,
Sphiximorpha garibaldii,hoverflies,
Sphiximorpha petronillae,hoverflies,
Sphiximorpha subsessilis,hoverflies,
Spilomyia digitata,hoverflies,
Spilomyia diophthalma,hoverflies,
Spilomyia graciosa,hoverflies,
Spilomyia manicata,hoverflies,
Spilomyia saltuum,hoverflies,
Spilomyia triangulata,hoverflies,
Syritta flaviventris,hoverflies,
Syritta pipiens,hoverflies,
Syrphocheilosia claviventris,hoverflies,
Syrphus admirandus,hoverflies,
Syrphus attenuatus,hoverflies,
Syrphus nitidifrons,hoverflies,
Syrphus rectus,hoverflies,
Syrphus ribesii,hoverflies,
Syrphus torvus,hoverflies,
Syrphus vitripennis,hoverflies,
Temnostoma apiforme,hoverflies,
Temnostoma bombylans,hoverflies,
Temnostoma carens,hoverflies,
Temnostoma meridionale,hoverflies,
Temnostoma sericomyiaeforme,hoverflies,
Temnostoma vespiforme,hoverflies,
Trichopsomyia flavitarsis,hoverflies,
Trichopsomyia joratensis,hoverflies,
Trichopsomyia lucida,hoverflies,
Triglyphus escalerai,hoverflies,
Triglyphus primus,hoverflies,
Tropidia fasciata,hoverflies,
Tropidia scita,hoverflies,
Volucella bombylans,hoverflies,
Volucella elegans,hoverflies,
Volucella inanis,hoverflies,
Volucella inflata,hoverflies,
Volucella pellucens,hoverflies,
Volucella zonaria,hoverflies,
Xanthandrus comtus,hoverflies,
Xylota abiens,hoverflies,
Xylota caeruleiventris,hoverflies,
Xylota florum,hoverflies,
Xylota ignava,hoverflies,
Xylota jakutorum,hoverflies,
Xylota meigeniana,hoverflies,
Xylota segnis,hoverflies,
Xylota suecica,hoverflies,
Xylota sylvarum,hoverflies,
Xylota tarda,hoverflies,
Xylota triangularis,hoverflies,
Xylota xanthocnema,hoverflies,
